SET ANSI_WARNINGS ON;
GO

use master;
GO

IF EXISTS (SELECT name FROM master.dbo.sysdatabases WHERE name=N'rnr06')
DROP DATABASE rnr06;
GO

IF NOT EXISTS (SELECT name FROM master.dbo.sysdatabases WHERE name = N'rnr06')
CREATE DATABASE rnr06;
GO

use rnr06;
GO

------------------------------------
-- Table person
------------------------------------
IF OBJECT_ID (N'dbo.person', N'U') IS NOT NULL
DROP TABLE dbo.person;
GO

CREATE TABLE dbo.person
(
    per_id SMALLINT not null identity(1,1),
    per_ssn binary(64) NULL,
    per_salt binary(64) NULL,
    per_fname VARCHAR(15) NOT NULL,
    per_lname VARCHAR(30) NOT NULL,
    per_gender CHAR(1) NOT NULL CHECK (per_gender IN('m','f')),
    per_dob DATE NOT NULL,
    per_street VARCHAR(30) NOT NULL,
    per_city VARCHAR(30) NOT NULL,
    per_state CHAR(2) NOT NULL DEFAULT 'FL',
    per_zip int NOT NULL check (per_zip like '[0-9][0-9][0-9][0-9][0-9][0-9][0-9][0-9][0-9]'),
    per_email VARCHAR(100) NULL,
    per_type CHAR(1) NOT NULL CHECK (per_type IN('c', 's')),
    per_notes VARCHAR(255) NULL,
    PRIMARY KEY (per_id),

    CONSTRAINT ux_per_ssn unique nonclustered (per_ssn ASC)
);
GO

------------------------------------
-- Table phone
------------------------------------
IF OBJECT_ID (N'dbo.phone', N'U') IS NOT NULL
DROP TABLE dbo.phone;
GO

CREATE TABLE dbo.phone
(
    phn_id SMALLINT NOT NULL identity(1,1),
    per_id SMALLINT NOT NULL,
    phn_num bigint NOT NULL check (phn_num like '[0-9][0-9][0-9][0-9][0-9][0-9][0-9][0-9][0-9][0-9]'),
    phn_type char(1) NOT NULL CHECK (phn_type IN('h','c','w','f')),
    phn_notes VARCHAR(255) NULL,
    PRIMARY KEY (phn_id),

    CONSTRAINT fk_phone_person
        FOREIGN KEY (per_id)
        REFERENCES dbo.person (per_id)
        ON DELETE CASCADE
        ON UPDATE CASCADE
);

------------------------------------
-- Table slsrep
------------------------------------
IF OBJECT_ID (N'dbo.slsrep', N'U') IS NOT NULL
DROP TABLE dbo.slsrep;
GO

CREATE TABLE dbo.slsrep
(
	per_id SMALLINT not null,
    srp_yr_sales_goal decimal(8,2) NOT NULL check (srp_yr_sales_goal >= 0),
    srp_ytd_sales decimal(8,2) NOT NULL check (srp_ytd_sales >= 0),
    srp_ytd_comm decimal(7,2) NOT NULL check (srp_ytd_comm >= 0),
    srp_notes VARCHAR(255) NULL,
    PRIMARY KEY (per_id),

    CONSTRAINT fk_slsrep_person
        FOREIGN KEY (per_id)
        REFERENCES dbo.person (per_id)
        ON DELETE CASCADE
        ON UPDATE CASCADE
);

------------------------------------
-- Table customer
------------------------------------
IF OBJECT_ID (N'dbo.customer', N'U') IS NOT NULL
DROP TABLE dbo.customer;
GO

CREATE TABLE dbo.customer
(
    per_id SMALLINT not null,
    cus_balance decimal(7,2) NOT NULL check (cus_balance >= 0),
    cus_total_sales decimal(7,2) NOT NULL check (cus_total_sales >= 0),
    cus_notes VARCHAR(255) NULL,
    PRIMARY KEY (per_id),

    CONSTRAINT fk_customer_person
        FOREIGN KEY (per_id)
        REFERENCES dbo.person (per_id)
        ON DELETE CASCADE
        ON UPDATE CASCADE
);

------------------------------------
-- Table srp_hist
------------------------------------
IF OBJECT_ID (N'dbo.srp_hist', N'U') IS NOT NULL
DROP TABLE dbo.srp_hist;
GO

CREATE TABLE dbo.srp_hist
(
    sht_id SMALLINT not null identity(1,1),
    per_id SMALLINT not null,
    sht_type char(1) not null CHECK (sht_type IN('i','u','d')),
    sht_modified datetime not null,
    sht_modifier varchar(45) not null default system_user,
    sht_date date not null default getDate(),
    sht_yr_sales_goal decimal(8,2) NOT NULL check (sht_yr_sales_goal >= 0),
    sht_yr_total_sales decimal(8,2) NOT NULL check (sht_yr_total_sales >= 0),
    sht_yr_total_comm decimal(7,2) NOT NULL check (sht_yr_total_comm >= 0),
    sht_notes VARCHAR(255) NULL,
    PRIMARY KEY (sht_id),

    CONSTRAINT fk_srp_hist_slsrep
        FOREIGN KEY (per_id)
        REFERENCES dbo.slsrep (per_id)
        ON DELETE CASCADE
        ON UPDATE CASCADE
);

------------------------------------
-- Table contact
------------------------------------
IF OBJECT_ID (N'dbo.contact', N'U') IS NOT NULL
DROP TABLE dbo.contact;
GO

CREATE TABLE dbo.contact
(
    cnt_id int NOT NULL identity(1,1),
    per_cid smallint NOT NULL,
    per_sid smallint NOT NULL,
    cnt_date datetime NOT NULL,
    cnt_notes varchar(255) NULL,
    PRIMARY KEY (cnt_id),

    CONSTRAINT fk_contact_customer
        FOREIGN KEY (per_cid)
        REFERENCES dbo.customer (per_id)
        ON DELETE CASCADE
        ON UPDATE CASCADE,

    CONSTRAINT fk_contact_slsrep
        FOREIGN KEY (per_sid)
        REFERENCES dbo.slsrep (per_id)
        ON DELETE NO ACTION
        ON UPDATE NO ACTION
);

------------------------------------
-- Table [order]
------------------------------------
IF OBJECT_ID (N'dbo.[order]', N'U') IS NOT NULL
DROP TABLE dbo.[order];
GO

CREATE TABLE dbo.[order]
(
    ord_id int NOT NULL identity(1,1),
    cnt_id int NOT NULL,
    ord_placed_date DATETIME NOT NULL,
    ord_filled_date DATETIME NULL,
    ord_notes VARCHAR(255) NULL,
    PRIMARY KEY (ord_id),

    CONSTRAINT fk_order_contact
        FOREIGN KEY (cnt_id)
        REFERENCES dbo.contact (cnt_id)
        ON DELETE CASCADE
        ON UPDATE CASCADE
);

------------------------------------
-- Table store
------------------------------------
IF OBJECT_ID (N'dbo.store', N'U') IS NOT NULL
DROP TABLE dbo.store;
GO

CREATE TABLE dbo.store
(
    str_id SMALLINT NOT NULL identity(1,1),
    str_name VARCHAR(45) NOT NULL,
    str_street VARCHAR(30) NOT NULL,
    str_city VARCHAR(30) NOT NULL,
    str_state CHAR(2) NOT NULL DEFAULT 'FL',
    str_zip int NOT NULL check (str_zip like '[0-9][0-9][0-9][0-9][0-9][0-9][0-9][0-9][0-9]'),
    str_phone bigint NOT NULL check (str_phone like '[0-9][0-9][0-9][0-9][0-9][0-9][0-9][0-9][0-9][0-9]'),
    str_email VARCHAR(100) NOT NULL,
    str_url VARCHAR(100) NOT NULL,
    str_notes VARCHAR(255) NULL,
    PRIMARY KEY (str_id)
);

------------------------------------
-- Table invoice
------------------------------------
IF OBJECT_ID (N'dbo.invoice', N'U') IS NOT NULL
DROP TABLE dbo.invoice;
GO

CREATE TABLE dbo.invoice
(
    inv_id int NOT NULL identity(1,1),
    ord_id int NOT NULL,
    str_id SMALLINT NOT NULL,
    inv_date DATETIME NOT NULL,
    inv_total DECIMAL(8,2) NOT NULL check (inv_total >= 0),
    inv_paid bit NOT NULL,
    inv_notes VARCHAR(255) NULL,
    PRIMARY KEY (inv_id),

    CONSTRAINT ux_ord_id unique nonclustered (ord_id ASC),

    CONSTRAINT fk_invoice_order
        FOREIGN KEY (ord_id)
        REFERENCES dbo.[order] (ord_id)
        ON DELETE CASCADE
        ON UPDATE CASCADE,

    CONSTRAINT fk_invoice_store
        FOREIGN KEY (str_id)
        REFERENCES dbo.store (str_id)
        ON DELETE CASCADE
        ON UPDATE CASCADE
);

------------------------------------
-- Table payment
------------------------------------
IF OBJECT_ID (N'dbo.payment', N'U') IS NOT NULL
DROP TABLE dbo.payment;
GO

CREATE TABLE dbo.payment
(
    pay_id int NOT NULL identity(1,1),
    inv_id int NOT NULL,
    pay_date DATETIME NOT NULL,
    pay_amt DECIMAL(7,2) NOT NULL check (pay_amt >= 0),
    pay_notes VARCHAR(255) NULL,
    PRIMARY KEY (pay_id),

    CONSTRAINT fk_payment_invoice
        FOREIGN KEY (inv_id)
        REFERENCES dbo.invoice (inv_id)
        ON DELETE CASCADE
        ON UPDATE CASCADE
);

------------------------------------
-- Table vendor
------------------------------------
IF OBJECT_ID (N'dbo.vendor', N'U') IS NOT NULL
DROP TABLE dbo.vendor;
GO

CREATE TABLE dbo.vendor
(
    ven_id SMALLINT NOT NULL identity(1,1),
    ven_name VARCHAR(45) NOT NULL,
    ven_street VARCHAR(30) NOT NULL,
    ven_city VARCHAR(30) NOT NULL,
    ven_state CHAR(2) NOT NULL DEFAULT 'FL',
    ven_zip int NOT NULL check (ven_zip like '[0-9][0-9][0-9][0-9][0-9][0-9][0-9][0-9][0-9]'),
    ven_phone bigint NOT NULL check (ven_phone like '[0-9][0-9][0-9][0-9][0-9][0-9][0-9][0-9][0-9][0-9]'),
    ven_email VARCHAR(100) NOT NULL,
    ven_url VARCHAR(100) NOT NULL,
    ven_notes VARCHAR(255) NULL,
    PRIMARY KEY (ven_id)
);

------------------------------------
-- Table product
------------------------------------
IF OBJECT_ID (N'dbo.product', N'U') IS NOT NULL
DROP TABLE dbo.product;
GO

CREATE TABLE dbo.product
(
    pro_id SMALLINT NOT NULL identity(1,1),
    ven_id SMALLINT NOT NULL,
    pro_name VARCHAR(30) NOT NULL,
    pro_descript VARCHAR(45) NULL,
    pro_weight FLOAT NOT NULL check (pro_weight >= 0),
    pro_qoh SMALLINT NOT NULL check (pro_qoh >= 0),
    pro_cost DECIMAL(7,2) NOT NULL check (pro_cost >= 0),
    pro_price DECIMAL(7,2) NOT NULL check  (pro_price >= 0),
    pro_discount DECIMAL(3,0) NULL,
    pro_notes VARCHAR(255) NULL,
    PRIMARY KEY (pro_id),

    CONSTRAINT fk_product_vendor
        FOREIGN KEY (ven_id)
        REFERENCES dbo.vendor (ven_id)
        ON DELETE CASCADE
        ON UPDATE CASCADE
);

------------------------------------
-- Table product_hist
------------------------------------
IF OBJECT_ID (N'dbo.product_hist', N'U') IS NOT NULL
DROP TABLE dbo.product_hist;
GO

CREATE TABLE dbo.product_hist
(
    pht_id int NOT NULL identity(1,1),
    pro_id SMALLINT NOT NULL,
    pht_date DATETIME NOT NULL,
    pht_cost DECIMAL(7,2) NOT NULL check (pht_cost >= 0),
    pht_price DECIMAL(7,2) NOT NULL check (pht_price >= 0),
    pht_discount DECIMAL(3,0) NULL,
    pht_notes VARCHAR(255) NULL,
    PRIMARY KEY (pht_id),

    CONSTRAINT fk_product_hist_product
        FOREIGN KEY (pro_id)
        REFERENCES dbo.product (pro_id)
        ON DELETE CASCADE
        ON UPDATE CASCADE
);

------------------------------------
-- Table order_line
------------------------------------
IF OBJECT_ID (N'dbo.order_line', N'U') IS NOT NULL
DROP TABLE dbo.order_line;
GO

CREATE TABLE dbo.order_line
(
    oln_id int NOT NULL identity(1,1),
    ord_id int NOT NULL,
    pro_id SMALLINT NOT NULL,
    oln_qty SMALLINT NOT NULL check (oln_qty >= 0),
    oln_price DECIMAL(7,2) NOT NULL check (oln_price >= 0),
    oln_notes VARCHAR(255) NULL,
    PRIMARY KEY (oln_id),

    CONSTRAINT fk_order_line_order
        FOREIGN KEY (ord_id)
        REFERENCES dbo.[order] (ord_id)
        ON DELETE CASCADE
        ON UPDATE CASCADE,

    CONSTRAINT fk_order_line_product
        FOREIGN KEY (pro_id)
        REFERENCES dbo.product (pro_id)
        ON DELETE CASCADE
        ON UPDATE CASCADE
);

SELECT * FROM information_schema.tables;

------------------------------------
-- Data for table person
------------------------------------
INSERT INTO dbo.person
(per_ssn, per_salt, per_fname, per_lname, per_gender, per_dob, per_street, per_city, per_state, per_zip, per_email, per_type, per_notes)
VALUES
(1, NULL, 'Steve', 'Rogers', 'm', '1923-10-03', '437 Southern Drive', 'Rochester', 'NY', 324402222, 'srogers@comcast.net', 's', NULL),
(2, NULL, 'Bruce', 'Wayne', 'm', '1968-03-20', '1007 Mountain Drive', 'Gotham', 'NY', 983208440, 'bwayne@knology.net', 's', NULL),
(3, NULL, 'Peter', 'Parker', 'm', '1988-09-12', '20 Ingram Street', 'New York', 'NY', 102862341, 'pparker@msn.com', 's', NULL),
(4, NULL, 'Jane', 'Thompson', 'f', '1978-05-08', '13563 Ocean View Drive', 'Seattle', 'WA', 132084409, 'jthompson@gmail.com', 's', NULL),
(5, NULL, 'Debra', 'Steele', 'f', '1994-07-19', '543 Oak Ln', 'Milwaukee', 'WI', 286234178, 'dsteele@verizon.net', 's', NULL),
(6, NULL, 'Tony', 'Smith', 'm', '1972-05-04', '332 Palm Avenue', 'Malibu', 'CA', 902638332, 'tstark@yahoo.com', 'c', NULL),
(7, NULL, 'Hank', 'Pymi', 'm', '1980-08-28', '2355 Brown Street', 'Cleveland', 'OH', 822348890, 'hpym@aol.com', 'c', NULL),
(8, NULL, 'Bob', 'Best', 'm', '1992-02-10', '4902 Avendale Avenue', 'Scottsdale', 'AZ', 872638332, 'bbest@yahoo.com', 'c', NULL),
(9, NULL, 'Sandra', 'Smith', 'f', '1990-01-26', '87912 Lawrence Ave', 'Atlanta', 'GA', 682348890, 'sdole@gmail.com', 'c', NULL),
(10, NULL, 'Ben', 'Avery', 'm', '1983-12-24', '6432 Thunderbird Ln', 'Sioux Falls', 'SD', 562638332, 'bavery@hotmail.com', 'c', NULL),
(11, NULL, 'Arthur', 'Curry', 'm', '1975-12-15', '3304 Euclid Avenue', 'Miami', 'FL', 342219932, 'acurry@gmail.com', 'c', NULL),
(12, NULL, 'Diana', 'Price', 'f', '1980-08-22', '944 Green Street', 'Las Vegas', 'NV', 332048823, 'dprice@symaptico.com', 'c', NULL),
(13, NULL, 'Adam', 'Smith', 'm', '1995-01-31', '98435 Valencia Dr.', 'Gulf Shores', 'AL', 870219932, 'ajurris@gmx.com', 'c', NULL),
(14, NULL, 'Judy', 'Sleen', 'f', '1970-03-22', '56343 Rover Ct.', 'Billings', 'MT', 672048823, 'jsleen@symaptico.com', 'c', NULL),
(15, NULL, 'Bill', 'Neiderham', 'm', '1982-06-13', '43567 Netherland Blve', 'South Bend', 'IN', 320219932, 'bneiderheim@comcast.net', 'c', NULL);
GO

select * from dbo.person;

CREATE PROC dbo.CreatePersonSSN
AS
BEGIN
    DECLARE @salt BINARY(64);
    DECLARE @ran_num int;
    DECLARE @ssn binary(64);
    DECLARE @x INT, @y INT;
    SET @x = 1;

    SET @y=(select count(*) from dbo.person);
    
    WHILE (@x <= @y)
    BEGIN

    SET @salt=CRYPT_GEN_RANDOM(64);
    set @ran_num=FLOOR(RAND()*(999999999-111111111+1))+111111111;
    SET @ssn=HASHBYTES('SHA2_512', concat(@salt, @ran_num));

    update dbo.person
    set per_ssn=@ssn, per_salt=@salt
    where per_id=@x;

    SET @x = @x + 1;

    END;

END;
GO

exec dbo.CreatePersonSSN

------------------------------------
-- Data for table slsrep
------------------------------------
INSERT INTO dbo.slsrep
(per_id, srp_yr_sales_goal, srp_ytd_sales,srp_ytd_comm, srp_notes)
VALUES
(1, 100000, 60000, 1800, NULL),
(2, 80000, 35000, 3500, NULL),
(3, 150000, 84000, 9650, 'Great salesperson!'),
(4, 125000, 87000, 15300, NULL),
(5, 98000, 43000, 8750, NULL);

select * from dbo.slsrep;

------------------------------------
-- Data for table customer
------------------------------------
INSERT INTO dbo.customer
(per_id, cus_balance, cus_total_sales, cus_notes)
VALUES
(6, 120, 14789, NULL),
(7, 98.46, 234.92, NULL),
(8, 0, 4578, 'Customer always pays on time.'),
(9, 981.73, 1672.38, 'High balance.'),
(10, 541.23, 782.57, NULL),
(11, 251.02, 13782.96, 'Good customer.'),
(12, 582.67, 963.12, 'Previously paid in full.'),
(13, 121.67, 1057.45, 'Recent customer.'),
(14, 765.43, 6789.42, 'Buys bulk quantities.'),
(15, 304.39, 456.81, 'Has not purchased recently.');

select * from dbo.customer;

------------------------------------
-- Data for table contact
------------------------------------
INSERT INTO dbo.contact
(per_sid, per_cid, cnt_date, cnt_notes)
VALUES
(1, 6, '1999-01-01', NULL),
(2, 6, '2001-09-29', NULL),
(3, 7, '2002-08-15', NULL),
(2, 7, '2002-09-01', NULL),
(4, 7, '2004-01-05', NULL),
(5, 8, '2004-02-28', NULL),
(4, 8, '2004-03-03', NULL),
(1, 9, '2004-04-07', NULL),
(5, 9, '2004-07-29', NULL),
(3, 11, '2005-05-02', NULL),
(4, 13, '2005-06-14', NULL),
(2, 15, '2005-07-02', NULL);

select * from dbo.contact;

------------------------------------
-- Data for table [order]
------------------------------------
INSERT INTO dbo.[order]
(cnt_id, ord_placed_date, ord_filled_date, ord_notes)
VALUES
(1, '2010-11-23', '2010-12-24', NULL),
(2, '2005-03-19', '2005-07-28', NULL),
(3, '2011-07-01', '2011-07-06', NULL),
(4, '2009-12-12', '2010-01-05', NULL),
(5, '2008-09-21', '2008-11-26', NULL),
(6, '2009-04-17', '2009-04-30', NULL),
(7, '2010-05-31', '2010-06-07', NULL),
(8, '2007-09-02', '2007-09-16', NULL),
(9, '2011-12-08', '2011-12-13', NULL),
(10, '2012-02-29', '2012-05-02', NULL);

select * from dbo.[order];

------------------------------------
-- Data for table store
------------------------------------
INSERT INTO dbo.store
(str_name, str_street, str_city, str_state, str_zip, str_phone, str_email, str_url, str_notes)
VALUES
('Walgreens', '14567 Walnut Ln', 'Aspen', 'IL', '475315690', '3127658127', 'info@walgreens.com', 'http://www.walgreens.com', NULL),
('CVS', '572 Csper Rd', 'Chicago', 'IL', '505231519', '3128926534', 'help@cvs.com', 'http://www.cvs.com', 'Rumor of merger.'),
('Lowes', '81309 Catapult Ave', 'Clover', 'WA', '802345671', '9017653421', 'sales@lowes.com', 'http://www.lowes.com', NULL),
('Walmart', '14567 Walnut Ln', 'St. Louis', 'FL', '387563628', '8722718923', 'info@walmart.com', 'http://www.walmart.com', NULL),
('Dollar General', '47583 Davison Rd', 'Detroit', 'MI', '482983456', '3137583492', 'ask@dollargeneral.com', 'http://www.dollargeneral.com', 'recently sold property');

select * from dbo.store;

------------------------------------
-- Data for table invoice
------------------------------------
INSERT INTO dbo.invoice
(ord_id, str_id, inv_date, inv_total, inv_paid, inv_notes)
VALUES
(5, 1, '2001-05-03', 58.32, 0, NULL),
(4, 1, '2006-11-11', 100.59, 0, NULL),
(1, 1, '2010-09-16', 57.34, 0, NULL),
(3, 2, '2011-01-10', 99.32, 1, NULL),
(2, 3, '2008-06-24', 1109.67, 1, NULL),
(6, 4, '2009-04-20', 239.83, 0, NULL),
(7, 5, '2010-06-05', 537.29, 0, NULL),
(8, 2, '2007-09-09', 644.21, 1, NULL),
(9, 3, '2011-12-17', 934.12, 1, NULL),
(10, 4, '2012-03-18', 27.45, 0, NULL);

select * from dbo.invoice;

------------------------------------
-- Data for table vendor
------------------------------------
INSERT INTO dbo.vendor
(ven_name, ven_street, ven_city, ven_state, ven_zip, ven_phone, ven_email, ven_url, ven_notes)
VALUES
('Sysco', '531 Dolphin Run', 'Orlando', 'FL', '344761234', '7641238543', 'sales@sysco.com', 'http://www.sysco.com', NULL),
('General Electric', '100 Happy Trails Dr.', 'Boston', 'MA', '123458743', '2134569641', 'support@ge.com', 'http://www.ge.com', 'Very good turnaround'),
('Cisco', '300 Cisco Dr.', 'Stanford', 'OR', '872315492', '7823456723', 'cisco@cisco.com', 'http://www.cisco.com', NULL),
('Goodyear', '100 Goodyear Dr.', 'Gary', 'IN', '485321956', '5784218427', 'sales@goodyear.com', 'http://www.goodyear.com', 'Competing well with Firestone.'),
('Snap-On', '42185 Magenta Ave', 'Lake Falls', 'ND', '387513649', '9197345632', 'support@snapon.com', 'http://www.snap-on.com', 'Good quality tools!');

select * from dbo.vendor;

------------------------------------
-- Data for table product
------------------------------------
INSERT INTO dbo.product
(ven_id, pro_name, pro_descript, pro_weight, pro_qoh, pro_cost, pro_price, pro_discount, pro_notes)
VALUES
(1, 'hammer', '', 2.5, 45, 4.99, 7.99, 30, 'Discounted only when purchased with screwdriver set.'),
(2, 'screwdriver', '', 1.8, 120, 1.99, 3.49, NULL, NULL),
(4, 'pail', '16 Gallon', 2.8, 48, 3.89, 7.99, 40, NULL),
(5, 'cooking oil', 'Peanut oil', 15, 19, 19.99, 28.99, NULL, 'gallons'),
(3, 'frying pan', '', 3.5, 178, 8.45, 13.99, 50, 'Currently 1/2 price sale.');

select * from dbo.product;

------------------------------------
-- Data for table order_line
------------------------------------
INSERT INTO dbo.order_line
(ord_id, pro_id, oln_qty, oln_price, oln_notes)
VALUES
(1, 2, 10, 8.0, NULL),
(2, 3, 7, 9.88, NULL),
(3, 4, 3, 6.99, NULL),
(5, 1, 2, 12.76, NULL),
(4, 5, 13, 58.99, NULL);

select * from dbo.order_line;

------------------------------------
-- Data for table payment
------------------------------------
INSERT INTO dbo.payment
(inv_id, pay_date, pay_amt, pay_notes)
VALUES
(5, '2008-07-01', 5.99, NULL),
(4, '2010-09-28', 4.99, NULL),
(1, '2008-07-23', 8.75, NULL),
(3, '2010-10-31', 19.55, NULL),
(2, '2011-03-29', 32.50, NULL),
(6, '2010-10-03', 20.00, NULL),
(8, '2008-08-09', 1000.00, NULL),
(9, '2009-01-10', 103.68, NULL),
(7, '2007-03-15', 25.00, NULL),
(10, '2007-05-12', 40.00, NULL),
(4, '2007-05-22', 9.33, NULL);

select * from dbo.payment;

------------------------------------
-- Data for table product_hist
------------------------------------
INSERT INTO dbo.product_hist
(pro_id, pht_date, pht_cost, pht_price, pht_discount, pht_notes)
VALUES
(1, '2005-01-02 11:53:34', 4.99, 7.99, 30, 'Discounted only when purchased with screwdriver set.'),
(2, '2005-02-03 09:13:56', 1.99, 3.49, NULL, NULL),
(3, '2005-03-04 23:21:49', 3.89, 7.99, 40, NULL),
(4, '2006-05-06 18:09:04', 19.99, 28.99, NULL, 'gallons'),
(5, '2006-05-07 15:07:29', 8.45, 13.99, 50, 'Currently 1/2 price sale.');

select * from dbo.product_hist;

------------------------------------
-- Data for table srp_hist
------------------------------------
INSERT INTO srp_hist
(per_id, sht_type, sht_modified, sht_modifier, sht_date, sht_yr_sales_goal, sht_yr_total_sales, sht_yr_total_comm, sht_notes)
VALUES
(1, 'i', getDate(), SYSTEM_USER, getDate(), 100000, 110000, 11000, NULL),
(4, 'i', getDate(), SYSTEM_USER, getDate(), 150000, 175000, 17500, NULL),
(3, 'u', getDate(), SYSTEM_USER, getDate(), 200000, 185000, 18500, NULL),
(2, 'u', getDate(), ORIGINAL_LOGIN(), getDate(), 210000, 220000, 22000, NULL),
(5, 'i', getDate(), ORIGINAL_LOGIN(), getDate(), 225000, 230000, 2300, NULL);

select * from dbo.srp_hist;

select year(sht_date) from dbo.srp_hist;

------------------------------------
-- Data for table phone
------------------------------------
INSERT INTO phone
(per_id, phn_num, phn_type, phn_notes)
VALUES
(2, '5462457260', 'h', NULL),
(3, '5214367502', 'c', NULL),
(4, '5103847526', 'w', NULL),
(1, '3257409504', 'f', NULL),
(4, '7462418501', 'c', NULL);

select * from dbo.phone;


-- %%%%%%%%%%%%%%%%%%% BEGIN REPORTS %%%%%%%%%%%%%%%%%%%

select  * from [rnr06].information_schema.tables;
go

select  * from [rnr06].information_schema.columns;
go

sp_help 'dbo.srp_hist';
GO

-- 1) Create a view that displays the sum of all paid invoice totals for each customer, sort by the largest invoice total sum appearing first.
use rnr06;
GO

select * from dbo.invoice;

select inv_id, inv_total as paid_invoice_total
from dbo.invoice
where inv_paid !=0;

print '#1 Solution: create view (sum of each customer''s *paid* invoices, in desc order):

';

IF OBJECT_ID (N'dbo.v_paid_invoice_total', N'V') IS NOT NULL
DROP VIEW dbo.v_paid_invoice_total;
GO

create view dbo.v_paid_invoice_total AS
    select p.per_id, per_fname, per_lname, sum(inv_total) as sum_total, FORMAT(sum(inv_total), 'C', 'en-us') as paid_invoice_total
    from dbo.person p
        join dbo.customer c on p.per_id=c.per_id
        join dbo.contact ct on c.per_id=ct.per_cid
        join dbo.[order] o on ct.cnt_id=o.cnt_id
        join dbo.invoice i on o.ord_id=i.ord_id
    where inv_paid !=0

    group by p.per_id, per_fname, per_lname
GO

select per_id, per_fname, per_lname, paid_invoice_total
from dbo.v_paid_invoice_total
order by sum_total desc;
GO

select p.per_id, per_fname, per_lname, inv_total, inv_paid
from dbo.person p
    join dbo.customer c on p.per_id=c.per_id
    join dbo.contact ct on c.per_id=ct.per_cid
    join dbo.[order] o on ct.cnt_id=o.cnt_id
    join dbo.invoice i on o.ord_id=i.ord_id;

SELECT * FROM information_schema.tables;
GO

sp_helptext 'dbo.v_paid_invoice_total'
GO

drop view dbo.v_paid_invoice_total;


-- 2) Create a stored procedure that displays all customers’ outstanding balances (unstored derived attribute based upon the difference of a customer's invoice total and their respective payments).
-- List their invoice totals, what was paid, and the difference.
select p.per_id, per_fname, per_lname,
sum(pay_amt) as total_paid, (inv_total - sum(pay_amt)) invoice_diff
from person p
    join dbo.customer c on p.per_id=c.per_id
    join dbo.contact ct on c.per_id=ct.per_cid
    join dbo.[order] o on ct.cnt_id=o.cnt_id
    join dbo.invoice i on o.ord_id=i.ord_id
    join dbo.payment pt on i.inv_id=pt.inv_id
where p.per_id=7
group by p.per_id, per_fname, per_lname, inv_total;

print '#2 Solution: create procedure (displays all customers'' outstanding balances):

';

IF OBJECT_ID(N'dbo.sp_all_customers_outstanding_balances', N'P') IS NOT NULL
DROP PROC dbo.sp_all_customers_outstanding_balances
GO

CREATE PROC dbo.sp_all_customers_outstanding_balances AS
BEGIN
    select p.per_id, per_fname, per_lname,
    sum(pay_amt) as total_paid, (inv_total - sum(pay_amt)) invoice_diff
    from person p
        join dbo.customer c on p.per_id=c.per_id
        join dbo.contact ct on c.per_id=ct.per_cid
        join dbo.[order] o on ct.cnt_id=o.cnt_id
        join dbo.invoice i on o.ord_id=i.ord_id
        join dbo.payment pt on i.inv_id=pt.inv_id

    group by p.per_id, per_fname, per_lname, inv_total
    order by invoice_diff desc;
END
GO

exec dbo.sp_all_customers_outstanding_balances;

select * from rnr06.information_schema.routines
where routine_type = 'PROCEDURE';
GO

sp_helptext 'dbo.sp_all_customers_outstanding_balances'
GO
drop PROC dbo.sp_all_customers_outstanding_balances;


-- 3) Create a stored procedure that populates the sales rep history table w/sales reps’ data when called.
print '#3 Solution: create stored procedure to populate history table w/sales reps'' data when called

';

IF OBJECT_ID(N'dbo.sp_populate_srp_hist_table', N'P') IS NOT NULL
DROP PROC dbo.sp_populate_srp_hist_table
GO

CREATE PROC dbo.sp_populate_srp_hist_table AS
BEGIN
INSERT INTO dbo.srp_hist
    (per_id, sht_type, sht_modified, sht_modifier, sht_date, sht_yr_sales_goal, sht_yr_total_sales, sht_yr_total_comm, sht_notes)

    SELECT per_id, 'i', getDate(), SYSTEM_USER, getDate(), srp_yr_sales_goal, srp_ytd_sales, srp_ytd_comm, srp_notes
    FROM dbo.slsrep;
END
GO

print 'list table data before call:

';
select * from dbo.slsrep;

delete from dbo.srp_hist;

select * from dbo.srp_hist;

select * from rnr06.information_schema.routines
where routine_type = 'PROCEDURE';
GO

drop PROC dbo.sp_populate_srp_hist_table;
GO


-- 4) Create a trigger that automatically adds a record to the sales reps’ history table for every record added to the sales rep table.
print '#4 Solution: Create a trigger that automatically adds a record to the sales reps'' history table for every record added to the sales rep table.

';

IF OBJECT_ID(N'dbo.trg_sales_history_insert', N'TR') IS NOT NULL
DROP TRIGGER dbo.trg_sales_history_insert
GO

CREATE TRIGGER dbo.trg_sales_history_insert
ON dbo.slsrep
AFTER INSERT AS
BEGIN

DECLARE
    @per_id_v smallint,
    @sht_type_v char(1),
    @sht_modified_v date,
    @sht_modifier_v varchar(45),
    @sht_date_v date,
    @sht_yr_sales_goal_v decimal(8,2),
    @sht_yr_total_sales_v decimal(8,2),
    @sht_yr_total_comm_v decimal(7,2),
    @sht_notes_v varchar(255);

SELECT
    @per_id_v = per_id,
    @sht_type_v = 'i',
    @sht_modified_v = getDate(),
    @sht_modifier_v = SYSTEM_USER,
    @sht_date_v = getDate(),
    @sht_yr_sales_goal_v = srp_yr_sales_goal,
    @sht_yr_total_sales_v = srp_ytd_sales,
    @sht_yr_total_comm_v = srp_ytd_comm,
    @sht_notes_v = srp_notes
    FROM INSERTED;

INSERT INTO dbo.srp_hist
(per_id, sht_type, sht_modified, sht_modifier, sht_date, sht_yr_sales_goal, sht_yr_total_sales, sht_yr_total_comm, sht_notes)
VALUES
(@per_id_v, @sht_type_v, @sht_modified_v, @sht_modifier_v, @sht_date_v, @sht_yr_sales_goal_v, @sht_yr_total_sales_v, @sht_yr_total_comm_v, @sht_notes_v);
END
GO
print 'list table data before trigger fires:

';
select * from slsrep;
select * from srp_hist;

INSERT INTO dbo.slsrep
(per_id, srp_yr_sales_goal, srp_ytd_sales, srp_ytd_comm, srp_notes)
VALUES
(6, 98000, 43000, 8750, 'per_id values 1-5 already used.');

print 'list table data after trigger fires:

;'
select* from slsrep;
select * from srp_hist;

SELECT * FROM sys.triggers;
GO

sp_helptext 'dbo.trg_sales_history_insert'
GO

DROP TRIGGER dbo.trg_sales_history_insert;
GO


-- 5) Create a trigger that automatically adds a record to the product history table for every record added to the product table.
print '#5 Solution: Create a trigger that automatically adds a record to the product history table for every record added to the product table.

';

IF OBJECT_ID(N'dbo.trg_product_history_insert', N'TR') IS NOT NULL
DROP TRIGGER dbo.trg_product_history_insert
GO

CREATE TRIGGER dbo.trg_product_history_insert
ON dbo.product
AFTER INSERT AS
BEGIN
DECLARE
    @pro_id_v smallint,
    @pht_modified_v date,
    @pht_cost_v decimal(7,2),
    @pht_price_v decimal(7,2),
    @pht_discount_v decimal(3,0),
    @pht_notes_v varchar(255);

SELECT
    @pro_id_v = pro_id,
    @pht_modified_v = getDate(),
    @pht_cost_v = pro_cost,
    @pht_price_v = pro_price,
    @pht_discount_v = pro_discount,
    @pht_notes_v = pro_notes
    FROM INSERTED;

    INSERT INTO dbo.product_hist
    (pro_id, pht_date, pht_cost, pht_price, pht_discount, pht_notes)
    VALUES
    (@pro_id_v, @pht_modified_v, @pht_cost_v, @pht_price_v, @pht_discount_v, @pht_notes_v);
END
GO

print 'list table data before trigger fires:

';

select * from product;
select * from product_hist;

INSERT INTO dbo.product
(ven_id, pro_name, pro_descript, pro_weight, pro_qoh, pro_cost, pro_price, pro_discount, pro_notes)
VALUES
(3, 'desk lamp', 'small desk lamp with led lights', 3.6, 14, 5.98, 11.99, 15, 'No discounts after sale.');

print 'list table data after trigger fires:

';
select * from product;
select * from product_hist;

SELECT * FROM sys.triggers;
GO

sp_helptext 'dbo.trg_product_history_insert'
GO

DROP TRIGGER dbo.trg_product_history_insert;
GO


-- %%%%%%%%%%%%%%%%%%% EXTRA CREDIT %%%%%%%%%%%%%%%%%%%
print '***Extra Credit*** Solution: stored procedure updates sales reps'' yearly_sales_goal in the slsrep table, based upon 8% more than their previous year''s total sales

';

IF OBJECT_ID(N'dbo.sp_annual_salesrep_sales_goal', N'P') IS NOT NULL
DROP PROC dbo.sp_annual_salesrep_sales_goal
GO

CREATE PROC dbo.sp_annual_salesrep_sales_goal AS
BEGIN
UPDATE slsrep
SET srp_yr_sales_goal = sht_yr_total_sales * 1.08
from slsrep as sr
JOIN srp_hist as sh
ON sr.per_id = sh.per_id
where sht_date=(select max(sht_date) from srp_hist);
END
GO

print 'list table data before call:

';
select * from dbo.slsrep;
select * from dbo.srp_hist;

exec dbo.sp_annual_salesrep_sales_goal;

print 'list table data after call:

';

select * from dbo.slsrep;

select * from rnr06.information_schema.routines
where routine_type = 'PROCEDURE';
GO

sp_helptext 'dbo.sp_annual_salesrep_sales_goal'
GO

DROP PROCEDURE dbo.sp_annual_salesrep_sales_goal;
GO